Nom ,Family,Genus,Species,FAO,Obs code,Category,IUCN status
Chirurgien chas-chas,ACANTHURIDAE,Acanthurus,monroviae,MDO,ACA/Aca.mon,,
,ACANTHURIDAE,spp,,,ACA,,
Banane de mer,ALBULIDAE,Albula,vulpes,BOF,ALB/Alb.vul,,
,ALBULIDAE,spp,,,ALB,,
Requin renard indéterminé,ALOPIIDAE,Alopias,spp,THR,REQ/Alo,,
Renard,ALOPIIDAE,Alopias,vulpinus,ALV,REQ/Alo.vul,,
,ALOPIIDAE,spp,,,REQ/Alo,,
Apogonidés ,APOGONIDAE,spp,,,APO,,
Mâchoiron géant,ARIIDAE,Arius,gigas,AUG,ARI/Ari.gig,,
Mâchoiron banderille,ARIIDAE,Arius,heudeloti,SMC,ARI/Ari.heu,,
Mâchoiron de Gambie,ARIIDAE,Arius,latiscutatus,AUR,ARI/Ari.lat,,
Mâchoiron jaune,ARIIDAE,Arius,parkeri,AWP,ARI/Ari.par,,
Mâchoiron indéterminé,ARIIDAE,spp,,AWX,ARI,crevette,
Ariomme indéterminé,ARIOMMATIDAE,spp,,DRK,ARIO,,
Etoile de mer indéterminée,ASTEROIDEA,spp,,STF,AST,,
Trompette,AULOSTOMIDAE,Aulostomus,strigosus,AGQ,AUL,,
Baliste étoilé,BALISTIDAE,Abalistes,stellatus,AJS,BAL/Aba.ste,,
Baliste royale,BALISTIDAE,Balistes,vetula,BLV,BAL/Bal.vet,,
Baliste rude,BALISTIDAE,Canthidermis,maculatus,CNT,BAL/Can.mac,,
Baliste indéterminé,BALISTIDAE,spp,,TRI,BAL,,
Baliste à tâches bleues,BALISTIDAE,Xenobalistes,punctatus,XEP,BAL/Xen.pun,,
Crapaud poilu,BATRACHOIDAE,Batrachoides,liberiensis,BBL,BAT/Bat.lib,,
Crapaud indéterminé,BATRACHOIDAE,spp,,TDF,BAT,,
Orphie plate,BELONIDAE,Ablennes,hians,BAF,BEL/Abl.hia,,
"Aiguille, Orphie indéterminé",BELONIDAE,spp,,BES,BEL,,
,BELONIDAE,Strongylura,senegalensis,SZW,BEL/Str.sen,,
Aiguille voyeuse,BELONIDAE,Tylosurus,acus,AND,BEL/Tyl.acu,,
Aiguille crocodile,BELONIDAE,Tylosurus,crocodilus,BTS,BEL/Tyl.cro,,
Bivalve indéterminé,BIVALVIA,spp,,CLX,BIVALVIA,,
Blennie indéterminée,BLENNIDAE,spp,,BLE,BLE,,
Arnoglosse du Cap,BOTHIDAE,Arnoglossus,capensis,RGK ,BOT/Amo.cap,,
Fosse imande pate,BOTHIDAE,Syacium,micrurum,YAM,BOT/Sya.mic,,
Rombou podas,BOTHIDAE,Bothus,podas,OUB,BOT/Bot.pod,,
Arnoglosse indéterminé,BOTHIDAE,spp,,LEF,BOT,,
Brame indéterminé,BRAMIDAE,spp,,BRA,BRM,,
Tile indéterminé,BRANCHIOSTEGIDAE,spp,,TIS,BRN,,
Migraine rugueuse,CALAPPIDAE,Calappa,gallus,KAG,CRAB/Cal.gal,,
Migraine épineuse,CALAPPIDAE,Calappa,pelii,KAP,CRAB/Cal.pel,,
Migraine maculée,CALAPPIDAE,Calappa,rubroguttata,KAR,CRAB/Cal.rub,,
,CALAPPIDAE,Calappa,spp,,CRAB/Cal,,
,CALAPPIDAE,spp,,,CRAB,,
Cordonnier bossu (Yamal),CARANGIDAE,Alectis,alexandrinus,ALA,CAR/Ale.ale,crevette,
Cordonnier fil,CARANGIDAE,Alectis,ciliaris,LIJ,CAR/Ale.cil,,
Liche lirio,CARANGIDAE,Campogramma,glaycos,VAD,CAR/Cam.gla,,
Carangue mayole,CARANGIDAE,Caranx,latus,NXL,CAR/Car.lat,,
Carangue coubali,CARANGIDAE,Caranx,crysos,RUB,CAR/Car.cry,,
Carangue de Fischer,CARANGIDAE,Caranx,fischeri,WFF,CAR/Car.fis,,
Carangue crevalle,CARANGIDAE,Caranx,hippos,CVJ,CAR/Car.hip,,
,CARANGIDAE,Caranx,lugubris,NXU,CAR/Car.lug,,
Carangue du Sénégal,CARANGIDAE,Caranx,senegallus,NXS,CAR/Car.sen,,
Sapater,CARANGIDAE,Chloroscombrus,chrysurus,BUA,CAR/Chl.chr,,
Chinchards,CARANGIDAE,Decapterus,spp,SDX,CAR/Dec,,
Comète maquereau,CARANGIDAE,Decapterus,macarellus,MSD,CAR/Dec.mac,,
Comète quiaquia,CARANGIDAE,Decapterus,punctatus,WEC,CAR/Dec.pun,,
Comète coussut,CARANGIDAE,Decapterus,rhonchus,HMY,CAR/Dec.rho,,
Comète saumon,CARANGIDAE,Elagatis,bipinnulata,RRU,CAR/Ela.bip,,
Carangue bicolore,CARANGIDAE,Hemicaranx,bicolor,HXB,CAR/Hem.bic,,
Liche,CARANGIDAE,Lichia,amia,LEE,CAR/Lic.ami,,
Poisson pilote,CARANGIDAE,Naucrates,ductor,NAU,CAR/Nau.duc,,
Musso africain,CARANGIDAE,Selene,dorsalis,LUK,CAR/Sel.dor,,
Sélar coulisou ,CARANGIDAE,Selar,Crumenophthalmus,BIS,CAR/Sel.cru,,
Sériole guinéenne,CARANGIDAE,Seriola,carpenteri,RLR,CAR/Ser.car,,
Sériole couronnée,CARANGIDAE,Seriola,dumerili,AMB,CAR/Ser.dum,,
Seriole indéterminée,CARANGIDAE,Seriola,spp,AMX,CAR/Ser,,
Carangue,CARANGIDAE,spp,,CGX,CAR,crevette,
Pompaneau,CARANGIDAE,Trachinotus,spp,POX,CAR/Tra,,
Pompaneau tacheté,CARANGIDAE,Trachinotus,goreensis,TOG,CAR/Tra.gor,,
Pompaneau chévron,CARANGIDAE,Trachinotus,maxillosus,TOO,CAR/Tra.max,,
Palomine,CARANGIDAE,Trachinotus,ovatus,POP,CAR/Tra.ova,,
Pompaneau né-bé,CARANGIDAE,Trachinotus,teraia,TIE,CAR/Tra.ter,,
Chinchard d'Europe,CARANGIDAE,Trachurus,trachurus,HOM,CAR/Tra.tra,,
Chinchard du Cunène,CARANGIDAE,Trachurus,trecae,HMZ,CAR/Tra.tre,,
Carangue coton,CARANGIDAE,Urapsis,helvola,USE,CAR/Ura.hel,,
Requin babosse,CARCHARHINIDAE,Carcharhinus,altimus,CCA,CAC/Car.alt,,
Requin balestrine,CARCHARHINIDAE,Carcharhinus,amboinensis,CCF,CAC/Car.amb,,
Requin tisserand,CARCHARHINIDAE,Carcharhinus,brevipinna,CCB,CAC/Car.bre,,
Requin soyeux,CARCHARHINIDAE,Carcharhinus,falciformis,FAL,CAC/Car.fal,,
Requin bouledogue,CARCHARHINIDAE,Carcharhinus,leucas,CCE,CAC/Car.leu,,
Requin bordé,CARCHARHINIDAE,Carcharhinus,limbatus,CCL,CAC/Car.lim,,
Requin océanique,CARCHARHINIDAE,Carcharhinus,longimanus,OCS,CAC/Car.lon,,
Requin sombre,CARCHARHINIDAE,Carcharhinus,obscurus,DUS,CAC/Car.obs,,
Requin gris,CARCHARHINIDAE,Carcharhinus,plumbeus,CCP,CAC/Car.plu,,
Carcharhinus indéterminé,CARCHARHINIDAE,Carcharhinus,spp,CWZ,CAC/Car,,
Requin tigre commun,CARCHARHINIDAE,Galeocerdo,cuvier,TIG,CAC/Gal.cuv,,
Requin citron,CARCHARHINIDAE,Negaprion,brevirostris,NGB,CAC/Neg.bre,,
Peau bleue,CARCHARHINIDAE,Prionace,glauca,BSH,CAC/Pri.gla,,
Requin à museau pointu,CARCHARHINIDAE,Rhizoprionodon,acutus,RHA,CAC/Rhi.acu,,
Requin indetermine,CARCHARHINIDAE,spp,,,CAC,crevette,
Picarel indéterminé,CENTRACANTHIDAE,spp,,CEZ,CEN,,
Picarel à Gros Yeux,CENTRACANTHIDAE,Spicara,alta,QZU,CEN/Spi.alt,,
Centrolophe indéterminé,CENTROLOPHIDAE,spp,,CEN,,,
Papillon indéterminé,CHAETODONTIDAE,spp,,BUS,CHA,,
Tortue caouanne,CHELONIIDAE,Caretta,caretta,TTL,TOR/Car.car,,
Tortue verte,CHELONIIDAE,Chelonia,mydas,TUG,TOR/Che.myd,,
Tortue imbriquée,CHELONIIDAE,Eretmochelys,imbricata,TTH,TOR/Ere.imb,,
Tortue olivâtre,CHELONIIDAE,Lepidochelys,olivacea,LKV,TOR/Lep.oli,,
Tortue indetermine,CHELONIIDAE,spp,,,TOR,crevette,
Guinean tilapia (EN),CICHLIDAE,Coptodon,guineensis,TLG,,,
,CICHLIDAE,Hemichromis,elongatus,,,,
,CICHLIDAE,Pelmatolapia,cabrae,TIR,,,
,CICHLIDAE,Sarotherodon,nigripinnis,,,,
,CICHLIDAE,spp,,,,,
Feuille,CITHARIDAE,Citharus,linguatula,CIL,CIT/Cit.lin,,
,CLAROTEIDAE,Chrysichthys,auratus,BCY,,,
Bagrid catfish (EN),CLAROTEIDAE,Chrysichthys,nigrodigitatus,CSR,,,
,CLAROTEIDAE,spp,,,,,
Ethmalose d'Afrique,CLUPEIDAE,Ethmalosa,fimbriata,BOA,CLU/Eth.fim,,
Alose rasoir,CLUPEIDAE,Ilisha,africana,ILI,CLU/Ili.afr,,
,CLUPEIDAE,Odaxothrissa,ansorgii,,,,
,CLUPEIDAE,Pellonula,vorax,,,,
Allache,CLUPEIDAE,Sardinella,aurita,SAA,CLU/Sar.aur,,
Grande allache,CLUPEIDAE,Sardinella,maderensis,SAE,CLU/Sar.mad,,
Sardine indéterminée,CLUPEIDAE,spp,,CLP,CLU,,
Méduse indéterminée,CNIDARIA,spp,,CNI,CNI,,
,CONGRIDAE,Bathyuroconger,vicinus,CBV,CON/Bat.vic,,
Congre indéterminé,CONGRIDAE,spp,,COX,CON,,
Coryphène indéterminé,CORYPHAENIDAE,spp,,DOX,COR,,
,CYNOGLOSSIDAE,Cynoglossus,browni,YOW,CYN/Cyn.bro,,
Sole-langue canarienne,CYNOGLOSSIDAE,Cynoglossus,canariensis,YOI,CYN/Cyn.can,,
,CYNOGLOSSIDAE,Cynoglossus,monodi,YQG,CYN/Cyn.mon,,
Sole-langue sénégalaise,CYNOGLOSSIDAE,Cynoglossus,senegalensis,YOE,CYN/Cyn.sen,,
Sole-langue du Ghana,CYNOGLOSSIDAE,Cynoglossus,cadenati,,CYN/Cyn.cad,,
Sole-langue indéterminée,CYNOGLOSSIDAE,Cynoglossus,spp,YOX,,,
Sole-langue indéterminée,CYNOGLOSSIDAE,spp,,TOX,CYN,,
Grondin volant,DACTYLOPTERIDAE,Dactylopterus,volitans,DYL,DAC/Dac.vol,,
,DACTYLOPTERIDAE,spp,,,DAC,,
Pastenague épineuse,DASYATIDAE,Dasyatis,centroura,RDC,RAI/Das.cen,,
Pastenague marguerite,DASYATIDAE,Dasyatis,margarita,RDS,RAI/Das.mag,,
Pastenague margueritella,DASYATIDAE,Dasyatis,margaritella,RDE,RAI/Das.mal,,
Pastenague commune,DASYATIDAE,Dasyatis,pastinaca,JDP,RAI/Das.pas,,
,DASYATIDAE,Dasyatis  ,marmorata,RDQ ,RAI/Das.mam,,
,DASYATIDAE,Torpedo  ,marmorata,TTR,RAI/Tor.mar,,
,DASYATIDAE,Dasyatis,ukpam,RDW,,,
,DASYATIDAE,Dasyatis,spp,STI,RAI/Das,,
Pastenague africaine,DASYATIDAE,Taeniura,grabata,RTB,RAI/Tae.gra,,
Tortue luth,DERMOCHELYIDAE,Dermochelys,coriacea,DKK,TOR/Der.cor,,
,DERMOCHELYIDAE,spp,,,,,
,DINOPERCIDAE,Centrarchops,atlanticus,,,,
,DINOPERCIDAE,spp,,,,,
Porsc-épic indéterminé,DIODONTIDAE,spp,,DIO,DIO,,
Forgeron ailé (Disque),DREPANIDAE,Drepane,africana,SIC,DRE/Dre.afr,crevette,
,DREPANIDAE,spp,,,DRE,,
Remora indéterminé,ECHENEIDAE,spp,,REM,ECH,,
Oursin indéterminé,ECHINOIDEA,spp,,URX,XOur,,
,ELEOTRIDAE,Bostrychus,africanus,OUY,,,
,ELEOTRIDAE,Dormitator,lebretonis,DOH,,,
,ELEOTRIDAE,Eleotris,daganensis,,,,
,ELEOTRIDAE,Eleotris,senegalensis,DZZ,,,
,ELEOTRIDAE,Eleotris,vittata,EOV,,,
,ELEOTRIDAE,Kribia,kribensis,KRK,,,
,ELEOTRIDAE,spp,,,,,
Banane de mer,ELOPIDAE,Elops,lacerta,CEC,ELO/Elo.lac,,
Guinée du Sénégal,ELOPIDAE,Elops,senegalensis,CEG,ELO/Elo.sen,,
,ELOPIDAE,spp,,,ELO,,
Poisson rubis,EMMELICHTHYIDAE,Erythrocles,monodi,EYO,EMM/Ery.mon,,
,EMMELICHTHYIDAE,spp,,,EMM,,
Anchois,ENGRAULIDAE,Engraulis,encrasicolus,ANE,ENG/Eng.enc,,
,ENGRAULIDAE,spp,,,ENG,,
chèvre de mer,EPHIPPIDAE,Chaetodipterus,goreensis,,,,
West African spadefish (EN),EPHIPPIDAE,Chaetodipterus,lippei,HRL,,,
,EPHIPPIDAE,Ephippus,goreensis,,,,
Ephippidé indéterminé,EPHIPPIDAE,spp,,SP,EPH,,
Poisson volant indéterminé,EXOCOETIDAE,spp,,FLY,EXO,,
Cornette rouge,FISTULARIIDAE,Fistularia,petimba,FIP,FIS/Fis.pet,,
Cornette tachetée,FISTULARIIDAE,Fistularia,tabacaria,FUT,FIS/Fis.tab,,
,FISTULARIIDAE,spp,,,FIS,,
Gastéropode indéterminé,GASTROPODA,spp,,GAS,GAS,,
Blanche drapeau,GERREIDAE,Eucinostomus,melanopterus,MFF,GER/Euc.mel,,
Friture rayée,GERREIDAE,Gerres,nigri,GEZ,GER/Ger.nig,,
Gerreidé indéterminé,GERREIDAE,spp,,GDJ,GER,,
Requin-nourrice,GINGLYMOSTOMATIDAE,Ginglymostoma,cirratum,GNC,REG/Gin.cir,,
,GINGLYMOSTOMATIDAE,spp,,,REQ/Gin,,
Blackchin guitarfish,GLAUCOSTEGIDAE,Glaucostegus,cemiculus,,RHI/Rhi.cem,,
,GLAUCOSTEGIDAE,spp,,,RHI,,
,GOBIIDAE,Awaous,lateristriga,AWQ,,,
Frillfin goby (EN),GOBIIDAE,Bathygobius,soporator,BJO,,,
,GOBIIDAE,Gobioides,sagitta,GSW,,,
,GOBIIDAE,Periophthalmus,barbarus,FTI,,,
,GOBIIDAE,spp,,,,,
Gorgone indéterminée,GORGONIIDAE,spp,,GGW,GOR,,
,GYMNURIDAE,Gymnura,micrura,RGI,RAI/Gym.mic,,
Raie-papillon indéterminée,GYMNURIDAE,Gymnura,spp,RBY,RAI/Gym,,
Lippu pelon,HAEMULIDAE,Brachydeuterus,auritus,GRB,HAE/Bra.aur,,
Diagramme à grosses lèvres,HAEMULIDAE,Plectorhinchus,macrolepsis,GBL,HAE/Ple.mac,,
Diagramme gris,HAEMULIDAE,Plectorhinchus,mediterraneus,GBR,HAE/Ple.med,,
Grondeur métis,HAEMULIDAE,Pomadasys,incisus,BGR,HAE/Pom.inc,,
Grondeur sompat,HAEMULIDAE,Pomadasys,jubelini,BUR,HAE/Pom.jub,,
Grondeur perroquet,HAEMULIDAE,Pomadasys,peroteti,PKE,HAE/Pom.per,,
Dorade grise,HAEMULIDAE,Pomadasys,spp,GBX,HAE/Pom,,
Grondeur nez de cochon,HAEMULIDAE,Pomadasys,rogeri,PKK,HAE/Pom.rog,,
Haemulidé indéterminé,HAEMULIDAE,spp,,GRX,HAE,,
Milandre jaune,HEMIGALEIDAE,Parageleus,pectoralis,HEI,HEM/Par.pec,,
Marignan rouge,HOLOCENTRIDAE,Sargocentron,hastatus,AXH,HOL/Sar.has,,
Marignan indéterminé,HOLOCENTRIDAE,ssp,,HCZ,HOL,,
Holothurie indéterminé,HOLOTHURIOIDEA,spp,,CUX,HOLOTHURIOIDEA,,
Voilier de l'Atlantique,ISTIOPHORIDAE,lstiophorus,albicans,SAI,IST/Ist.alb,,
Makaire bleu,ISTIOPHORIDAE,Makaira,nigricans,BUM,IST/Mak.nig,,
Porte-épée indéterminé,ISTIOPHORIDAE,spp,,BIL,IST,,
Calicagère jaune,KYPHOSIDAE,Kyphosus,incisor,KYI,KYP/Kyp.inc,,
Calicagère indéterminé,KYPHOSIDAE,spp,,KYP,KYP,,
Pourceau dos noir,LABRIDAE,Bodianus,speciosus,BZD,LAB/Bod.spe,,
Labre indéterminé,LABRIDAE,spp,,WRA,LAB,,
Donzelle lame,LABRIDAE,Xyrichthys,novacula,XYN,LAB/Xyr.nov,,
Taupe bleue,LAMNIDAE,Isurus,oxyrinchus,SMA,LAM/Isu.oxy,,
Petite taupe,LAMNIDAE,Isurus,paucus,LMA,LAM/Isu.pau,,
,LAMNIDAE,spp,,,LAM,,
Emissole à grandes lèvres,LEPTOCHARIIDAE,Leptocharias,smithii,CLL,LEP/Lep.smi,,
,LEPTOCHARIIDAE,spp,,,LEP,,
Carpe lethrine,LETHRINIDAE,Lethrinus,atlanticus,LTN,LET/Let.atl,,
Lethrinidé indéterminé,LETHRINIDAE,spp,,EMP,LET,,
Croupia roche,LOBOTIDAE,Lobotes,surinamensis,LOB,LOB/Lob.sur,,
,LOBOTIDAE,spp,,,LOB,,
Calmar côtier indéterminé,LOLIGINIDAE,spp,,SQZ,TEU,,
Lophe indéterminé,LOPHIIDAE,spp,,ANF,LOP,,
Vivaneau fourche d'Afrique,LUTJANIDAE,Apsilus,fuscus,AFK,LUT/Aps.fus,,
Vivaneau africain rouge,LUTJANIDAE,Lutjanus,agennes,LJA,LUT/Lut.age,,
Vivaneau brun d'afrique (Rouge),LUTJANIDAE,Lutjanus,dentatus,ASX,LUT/Lut.den,crevette,
Vivaneau de Guinée,LUTJANIDAE,Lutjanus,endecathus,QFM,LUT/Lut.end,,
Vivaneau doré,LUTJANIDAE,Lutjanus,fulgens,LVN,LUT/Lut.ful,,
Vivaneau de Gorée,LUTJANIDAE,Lutjanus,goreensis,LJO,LUT/Lut.gor,,
Rouges,LUTJANIDAE,spp,,SNX,LUT,,
Araignée européenne,MAJIDAE,Maja,squinado,SCR,,,
Tarpon argenté,MEGALOPIDAE,Megalops,atlanticus,TAR,,,
Mélongène noire,MELONGENIDAE,Pugilina,morio,UGO,Mel,,
Raie manta,MOBULIDAE,Manta,birostris,RMB,RAI/Man.bir,,
Diable de mer,MOBULIDAE,Mobula,spp,,RAI/Mob,,
Diable géant de Guinée,MOBULIDAE,Mobula,coilloti,RMC,RAI/Mob.coi,,
Petit diable de Guinée,MOBULIDAE,Mobula,rochebrunei,RMN,RAI/Mob.roc,,
Mobulidé indéterminé,MOBULIDAE,spp,,MAN,RAI,,
Poisson-lune à quaue pointue,MOLIDAE,Masturus,lanceolatus,MRW,MOL/Mas.lan,,
Poisson-lune,MOLIDAE,Mola,mola,MOX,MOL/Mol.mol,,
,MOLIDAE,spp,,,MOL,,
Poisson-bourse indéterminé,MONACANTHIDAE,spp,,FFX,MON,,
,MONODACTYLIDAE,Monodactylus,sebae,QBS,,,
,MUGILIDAE,Liza,falcipinnis,KZY,,,
Mulet à grosse tête,MUGILIDAE,Mugil,cephalus,MUF,MUG/Mug.cep,,
,MUGILIDAE,Mugil,bananensis,KZS,,,
Mulet blanc,MUGILIDAE,Mugil,curema,MGA,,,
,MUGILIDAE,Parachelon,grandisquamis,,,,
Mulet indéterminé,MUGILIDAE,spp,,MUL,MUG,,
Rouget barbet,MULLIDAE,Pseudupeneus,prayensis,GOA,MUL/Pse.pra,,
Murène anneau,MURAENIDAE,Channomuraena,vittata,AMH,MUR/Cha.vit,,
,MURAENIDAE,Gymnothorax,vicinus,AMT,MUR/Gym.vic,,
Murene obscure,MURAENIDAE,Lycodontis,afer,AWG,MUR/Lyc.afe,,
Murène indéterminée,MURAENIDAE,spp,,MUI,MUR,,
Aigle de mer léopard,MYLIOBATIDAE,Aetobatus,narinari,MAE,RAI/Aet.nar,,
Aigle commun,MYLIOBATIDAE,Myliobatis,aquila,MYL,RAI/Myl.aqu,,
Aigle-vachette,MYLIOBATIDAE,Pteromylaeus,bovinus,MPO,RAI/Pte.bov,,
,MYLIOBATIDAE,Myliobatis,spp,MWX ,MYL/Myl,,
,MYLIOBATIDAE,spp,,,,,
Langoustine écarlate,NEPHROPIDAE,Nephropsis,atlantica,NFT,,,
Nomeidé indéterminé,NOMEIDAE,spp,,NMW,,,
Poulpe à longs bras ,OCTOPODIDAE,Octopus,defilippi,OQD,OCT/Oct.def,,
Pieuvre ,OCTOPODIDAE,Octopus,Vulgaris,OCC,OCT/Oct.vul,,
Poulpe indéterminé,OCTOPODIDAE,Octopus,spp,OCZ,OCT,,
Encornet indéterminé,OMMASTREPHIDAE,Illex,spp,ILL,,,
Serpenton léopard,OPHICHTHIDAE,Myrichthys,pardalis,MXU,OPHIC/Myr.par,,
Ophichthidé indéterminé,OPHICHTHIDAE,spp,,OWX,OPH,,
Brotule barbée,OPHIDIIDAE,Brotula,barbata,BRD,OPH/Bro.bar,,
Ophiure indéterminé,OPHIUROIDEA,spp,,OWP,OPI,,
Coffre indéterminé,OSTRACIIDAE,spp,,BXF,OST,,
Centrine commune,OXYNOTIDAE,Oxynotus,spp,,REQ/Oxy,,
Centrine commune,OXYNOTIDAE,Oxynotus,centrina,OXY,REQ/Oxy.cen,,
Langouste blanche,PALINURIDAE,Panulirus,argus,SLC,PAL/Pan.arg,,
Langouste royale,PALINURIDAE,Panulirus,regius,LOY,PAL/Pan.reg,,
,PALINURIDAE,spp,,VLO,PAL,,
Crevette nylon armée,PANDALIDAE,Heterocarpus,ensifer,HKF,PAN/Her.ens,,
Crevette dorée,PANDALIDAE,Plesionika,martia,LKT,PAN/Ple.mar,,
Crevette pandalide indéterminée,PANDALIDAE,spp,,PAN,PAN,,
Smooth flounder (EN),PARALICHTHYIDAE,Citharichthys,stampflii,IYT,,,
Crevette rose du large,PENAEIDAE,Parapenaeus,longirostris,DPS,PEN/Par.lon,,
Crevette tigrée,PENAEIDAE,Penaeus,kerathurus,TGS,PEN/Pen.ker,,
Crevette géante tigrée,PENAEIDAE,Penaeus,monodon,GIT,PEN/Pen.mon,,
Crevette rose du Sud,PENAEIDAE,Penaeus,notialis,SOP,PEN/Pen.not,,
Crevette pénéidé indéterminée,PENAEIDAE,spp,,PEN,PEN,,
Plathycéphale de Guinée,PLATYCEPHALIDAE,Grammoplites,gruveli,GMU,PLA/Gra.gru,,
Guitare bouclée,PLATYRHINIDAE,Zanobatus,schoenleinii,RZS,RAI/Zan.sch,,
,POECILIIDAE,Aplocheilichthys,spilauchen,,,,
Petit capitaine,POLYNEMIDAE,Galeoides,decadactylus,GAL,POL/Gal.dec,crevette,
Capitaine royal,POLYNEMIDAE,Pentanemus,quinquarius,PET,POL/Pen.qui,,
Gros capitaine,POLYNEMIDAE,Polydactylus,quadrifilis,TGA,POL/Pol.qua,,
Capitaine,POLYNEMIDAE,spp,,,POL,crevette,
Crabe marbré,PORTUNIDAE,Callinectes,marginatus,KLG,POR/Cal.mar,,
Crabe gladiateur,PORTUNIDAE,Callinectes,pallidus,KLP,POR/Cal.pal,,
Étrille lisse du Sénégal,PORTUNIDAE,Portunus,validus,PVQ,POR/Por.val,,
Crabe indetermine,PORTUNIDAE,spp,,SWN,POR,crevette,
Beauclaire de roche,PRIACANTHIDAE,Heteropriacanthus,cruentatus,HTU,,,
Seaudaire soleil,PRIACANTHIDAE,Priacanthus,arenatus,PQR,PRI/Pri.are,,
,PRIACANTHIDAE,spp,,,PRI,,
Turbot épineux tacheté,PSETTODIDAE,Psettodes,belcheri,SOT,PSE/Pse.bel,crevette,
Cobia,RACHYCENTRIDAE,Rachycentron,canadum,CBA,RAC/Rac.can,,
Raie blanche,RAJIDAE,Raja,alba,RJA,RAI/Raj.alb,,
Raie bouclée,RAJIDAE,Raja,clavata,RJC,RAI/Raj.cla,,
Raie violette,RAJIDAE,Raja,doutrei,JFD,RAI/Raj.dou,,
Raie léopard,RAJIDAE,Raja,leopardus,JFV,RAI/Raj.leo,,
Raie miroir,RAJIDAE,Raja,miraletus,JAI,RAI/Raj.mir,,
Raie tachetée,RAJIDAE,Raja,straeleni,RFL,RAI/Raj.str,,
Rajidé indéterminé,RAJIDAE,Rajidae,spp,RAJ,RAI/Raj,,
Requin baleine,RHINIODONTIDAE,Rhincodon,typus,RHN,REQ/Rhi.typ,,
Guitares nca ,RHINOBATIDAE,Rhinobatos,spp,GUZ,RAI/Rhi,,
Poisson-guitare à lunaires,RHINOBATIDAE,Rhinobatos,albomaculatus,GUB,RAI/Rhi.alb,,
Raie guitare fouisseuse,RHINOBATIDAE,Rhinobatos,cemiculus,RBC,RAI/Rhi.cem,,
Raie-guitare à dos épineux,RHINOBATIDAE,Rhinobatos,irvinei,RBI,RAI/Rhi.irv,,
Poisson-guitaire commun,RHINOBATIDAE,Rhinobatos,rhinobatos,RBX,RAI/Rhi.rhi,,
Mourine lusitanienne,RHINOPTERIDAE,Rhinoptera,marginata,MRM,RAI/Rhi.mar,,
Poisson-paille,RHYNCHOBATIDAE,Rhynchobatus,luebberti,RCL,RAI/Rhy.lue,,
,SCARIDAE,Scarus,hoefleri,UVB,,,
,SCARIDAE,Sparisoma,choati,QZV,,,
Perroquet indéterminé,SCARIDAE,spp,,PWT,SCA,,
Maigre commun,SCIAENIDAE,Argyrosomus,regius,MGR,SCI/Arg.reg,,
Otolithe gabo,SCIAENIDAE,Pseudotolithus,brachygnathus,CKL,SCI/Pse.bra,,
Otolithe bobo,SCIAENIDAE,Pseudotolithus,elongatus,PSE,SCI/Pse.elo,,
,SCIAENIDAE,Pseudotolithus,epipercus,QCK,SCI/Pse.epi,,
Otolithe senegalaise,SCIAENIDAE,Pseudotolithus,senegalensis,PSS,SCI/Pse.sen,,
,SCIAENIDAE,Pseudotolithus,senegallus,CKL,?,,
Otolithe nanka,SCIAENIDAE,Pseudotolithus,typus,PTY,SCI/Pse.typ,,
Bar,SCIAENIDAE,Pseudotolithus,spp,CKW,SCI/Pse,crevette,
Courbine pélin,SCIAENIDAE,Pteroscion,peli,DRS,SCI/Pte.pel,,
Sciaenidé indéterminé,SCIAENIDAE,spp,,CDX,SCI,,
Ombrine bronze,SCIAENIDAE,Umbrina,canariensis,UCA,SCI/Umb.can,,
Ombrine côtière,SCIAENIDAE,Umbrina,cirrosa,COB,SCI/Umb.cir,,
Ombrine fusca,SCIAENIDAE,Umbrina,ronchus,UMO,SCI/Umb.rho,,
Ombrine de Steindachner,SCIAENIDAE,Umbrina,steindachneri,UMS,SCI/Umb.ste,,
Wahoo,SCOMBRIDAE,Acanthocybium,solandri,WAH,SCOM/Aca.sol,,
Auxide et bonitou,SCOMBRIDAE,Auxis,spp,FRZ,SCOM/Aux,,
Bonitou,SCOMBRIDAE,Auxis,rochei,BLT,SCOM/Aux.roc,,
Auxide,SCOMBRIDAE,Auxis,thazard,FRI,SCOM/Aux.tha,,
Thonine commune,SCOMBRIDAE,Euthynnus,alletteratus,LTA,SCOM/Eut.all,,
Bonite à ventre rayé,SCOMBRIDAE,Katsuwonus,pelamis,SKJ,SCOM/Kat.pel,,
Palomette,SCOMBRIDAE,Orcynopsis,unicolor,BOP,SCOM/Orc.uni,,
Bonite à dos rayé,SCOMBRIDAE,Sarda,sarda,BON,SCOM/Sar.sar,,
Maquereau esgnole,SCOMBRIDAE,Scomber,colias,,,,
Maquereau espagnol,SCOMBRIDAE,Scomber,japonicus,MAS,SCOM/Scom.jap,,
Thazard blanc,SCOMBRIDAE,Scomberomorus,tritor,MAW,SCOM/Scom.tri,,
Scombridé indéterminé,SCOMBRIDAE,spp,,TUN,SCOM,,
Germon,SCOMBRIDAE,Thunnus,alalunga,ALB,SCOM/Thu.ala,,
Albacore,SCOMBRIDAE,Thunnus,albacares,YFT,SCOM/Thu.alb,,
Thon obèse,SCOMBRIDAE,Thunnus,obesus,BET,SCOM/Thu.obe,,
Rascasse du large,SCORPAENIDAE,Pontinus,kuhlii,POI,SCOR/Pon.kuh,,
Rascasse du Sénégal,SCORPAENIDAE,Scorpaena,laevis,SLQ,SCOR/Scor.lae,,
Rascasse indéterminée,SCORPAENIDAE,spp,,SCO,SCOR,,
Chien râpe,SCYLIORHINIDAE,Galeus,polli,GAQ,REQ/Gal.pol,,
Grande roussette,SCYLIORHINIDAE,Scyliorhinus,stellaris,SYT,REQ/Scy.ste,,
,SCYLIORHINIDAE,spp,,,,,
Cigale rouge,SCYLLARIDAE,Scyllarides,herklotsii,YLK,SCY/Scy.her,,
Roussette thalassa,SCYLORHINIDAE,Scyliorhinus,cervigoni,SYE,REQ/Scy.cer,,
Seiche indéterminée,SEPIIDAE,Sepia,spp,IAX,SEP,,
Barbier-hirondelle,SERRANIDAE,Anthias,anthias,AHN,SER/Ant.ant,,
Mérou barré,SERRANIDAE,Centrarchops,chapini,ENH,SER/Cen.cha,,
Mérou du Niger,SERRANIDAE,Cephalopholis,nigri,CFQ,SER/Cep.nig,,
Mérou à points bleus,SERRANIDAE,Cephalopholis,taeniops,EFA,SER/Cep.tae,,
Mérou blanc,SERRANIDAE,Epinephelus,aeneus,GPW,SER/Epi.aen,,
Mérou dungat,SERRANIDAE,Epinephelus,goreensis,EEG,SER/Epi.gor,,
Mérou géant,SERRANIDAE,Epinephelus,itajara,EET,SER/Epi.ita,,
Mérou royal,SERRANIDAE,Mycteroperca,rubra,MKU,SER/Myc.rub,,
Greater soapfish (EN),SERRANIDAE,Rypticus,saponaceus,RYC,,,
Serran ghanéen,SERRANIDAE,Serranus,accraensis,,SER/Ser.acc,,
Serran chèvre,SERRANIDAE,Serranus,cabrilla,CBR,SER/Ser.cab,,
Mérou indéterminé,SERRANIDAE,spp,,BSX,SER,,
Boucot méditerranéen,SICYONIDAE,Sicyonia,carinata,YIA,SIC/Sic.car,,
Sicyonie huppée,SICYONIDAE,Sicyonia,galeata,YIG,SIC/Sic.gal,,
,SICYONIDAE,spp,,,SIC,,
Sole-pole ,SOLEIDAE,Pegusa,lascaris,SOS,SOL/Peg.las,,
Sole,SOLEIDAE,Pegusa,cadenati,,SOL/Peg.cad,crevette,
Sole laiteuse,SOLEIDAE,Bathysolea,lactea,YOL,SOL/Bat.lac,,
,SOLEIDAE,Dagetichthys,lusitanicus,,SOL/Dag.lus,,
Céteau,SOLEIDAE,Dicologlossa,cuneata,CET,SOL/Dic.cun,,
Céteau ocellé,SOLEIDAE,Dicologlossa,hexophthalmus,DHZ,SOL/Dic.hex,,
Sole ocellée,SOLEIDAE,Microchirus,ocellatus,MRK,SOL/Mic.oce,,
Sole indéterminée,SOLEIDAE,spp,,SOX,SOL,,
Bogue,SPARIDAE,Boops,boops,BOG,SPA/Boo.boo,,
Denté,SPARIDAE,Dentex,spp,DEX,SPA/Den,crevette,
Denté angolais,SPARIDAE,Dentex,angolensis,DEA,SPA/Den.ang,,
Denté austral,SPARIDAE,Dentex,barnardi,,SPA/Den.bar,,
Denté à tache rouge,SPARIDAE,Dentex,canariensis,DEN,SPA/Den.can,,
Denté congolais,SPARIDAE,Dentex,congoensis,DNC,SPA/Den.con,,
Gros denté rose,SPARIDAE,Dentex,gibbosus,DEP,SPA/Den.gib,,
Denté du Maroc,SPARIDAE,Dentex,macroccanus,DEM,SPA/Den.macroc,,
Denté à gros yeux,SPARIDAE,Dentex,macrophthalmus,DEL,SPA/Den.macrop,,
Sar a grosses lievres,SPARIDAE,Diplodus,cervinus,SBZ,SPA/Dip.cer,,
Marbré,SPARIDAE,Lithognathus,mormyrus,SSB,SPA/Lit.mor,,
Oblade,SPARIDAE,Oblada,melanura,SBS,SPA/Obl.mel,,
Pageot,SPARIDAE,Pagellus,spp,PAX,SPA/Pag,crevette,
Pageot acarne,SPARIDAE,Pagellus,acarne,SBA,SPA/Pag.aca,,
Pageot à tache rouge,SPARIDAE,Pagellus,bellottii,PAR,SPA/Pag.bel,,
Dorade rose,SPARIDAE,Pagellus,bogaraveo,SBR,SPA/Pag.bog,crevette,
Pagre des tropiques,SPARIDAE,Pagrus,africanus,RPG,SPA/Pag.afr,,
Pagre rayé,SPARIDAE,Pagrus,auriga,REA,SPA/Pag.aur,,
Pagre à points bleus,SPARIDAE,Pagrus,caeruleostictus,BSC,SPA/Pag.cae,,
Dorade royale,SPARIDAE,Sparus,aurata,SBG,SPA/Spa.aur,,
Saupe,SPARIDAE,Sarpa,salpa,SLM,SPA/Sar.sal,,
Dorade grise,SPARIDAE,Spondyliosoma,cantharus,BRB,SPA/Spo.can,,
Sparidé indéterminé,SPARIDAE,spp,,SBX,SPA,,
Bécune guinéenne,SPHYRAENIDAE,Sphyraena,afra,BAG,SPH/Sph.afr,,
Barracuda,SPHYRAENIDAE,Sphyraena,barracuda,GBA,SPH/Sph.bar,,
Guachanche barracuda (EN),SPHYRAENIDAE,Sphyraena,guachancho,YRU,SPH/Sph.gua,crevette,
Becune europeenne,SPHYRAENIDAE,Sphyraena,sphyraena,YRS,SPH/Sph.sph,,
Bécune indéterminée,SPHYRAENIDAE,spp,,BAZ,SPH,,
Requin-marteau halicorne,SPHYRNIDAE,Sphyrna,lewini,SPL,SPN/Sph.lew,,
Grand requin marteau,SPHYRNIDAE,Sphyrna,mokarran,SPK,SPN/Sph.mok,,
Requin-marteau commun,SPHYRNIDAE,Sphyrna,zygaena,SPZ,SPN/Sph.zyg,,
Requin-marteau commun,SPHYRNIDAE,spp,,SPN,SPN,,
Requin-marteau commun,SPHYRNIDAE,Sphyrna,spp,SPN,SPN/Sph,,
,SQUALIDAE,spp,,,SQL,,
Aiguillat,SQUALIDAE,Squalus,spp,DGZ ,SQL/Squ,,
Aiguillat coq,SQUALIDAE,Squalus,blainvillei,QUB,SQL/Squ.bla,,
Aiguillat à gros yeux,SQUALIDAE,Squalus,megalops,DOP,SQL/Squ.meg,,
,SQUATINIDAE,spp,,,SQT,,
Ange de mer épineux,SQUATINIDAE,Squatina,aculeata,SUA,SQT/Squ.acu,,
Ange de mer ocellé,SQUATINIDAE,Squatina,oculata,SUT,SQT/Squ.ocu,,
Ange de mer indéterminé,SQUATINIDAE,Squatina,spp,ASK,SQT/Squ,,
,SQUILLIDAE,Squilla,spp,,SQU,,
Squille ocellée,SQUILLIDAE,Squilla,mantis,MTS,SQU/Squ.man,,
Fiatole,STROMATEIDAE,Stromateus,fiatola,BLB,STR/Str.fia,,
Synodontidé indéterminé,SYNODONTIDAE,spp,,LIX,SYO,,
,SYNODONTIDAE,Saurida,spp,SZX,SYO/Sau,,
Lagarto ñato,SYNODONTIDAE,Trachinocephalus,myops,TCY,SYO/Tra.myo,,
Hippocampe indéterminé,SYNGNATHIDAE,spp,,SWY,SYG,,
Compère à points blancs,TETRAODONTIDAE,Ephippion,guttifer,EFG,TET/Eph.gut,,
Compère lisse,TETRAODONTIDAE,Lagocephalus,laevigatus,LFL,TET/Lag.lae,,
Compère lièvre,TETRAODONTIDAE,Lagocephalus,lagocephalus,LGH,TET/Lag.lag,,
Compère émoussé,TETRAODONTIDAE,Sphoeroides,pachygaster,TSP,TET/Sph.pac,,
Compère indéterminé,TETRAODONTIDAE,spp,,PUX,TET,,
Raie éléctrique indéterminée,TORPEDINIDAE,ssp,,TOD,RAI/Tor,,
Vive indéterminée,TRACHINIDAE,spp,,TRA,TRA,,
Vive guinéenne,TRACHINIDAE,Trachinus,armatus,WVW,TRA/Tra.arm,,
Vive du Cap Vert,TRACHINIDAE,Trachinus,pellegrini,WWB,TRA/Tra.pel,,
Vive rayée,TRACHINIDAE,Trachinus,lineolatus,WWA,TRA/Tra.lin,,
Emissole lisse,TRIAKIDAE,Mustelus,mustelus,SMD,TRI/Mus.mus,,
Sabre indéterminé,TRICHIURIDAE,spp,,CUT,TRC,,
Ceinture,TRICHIURIDAE,Trichiurus,lepturus,LHT,TRC/Trc.lep,,
Sabre fleuret,TRICHIURIDAE,Benthodesmus,tenuis,,TRC/Ben.ten,,
Grondin du Cap,TRIGLIDAE,Chelidonichthys,capensis,GUC,TRG/Che.cap,,
Grondin du Gabon,TRIGLIDAE,Chelidonichthys,gabonensis,CGY,TRG/Che.gab,,
Grondin camard,TRIGLIDAE,Chelidonichthys,lastoviza,CTZ,TRG/Che.las,,
Grondin indéterminé,TRIGLIDAE,spp,,GUX,TRG,,
Grondin lyre,TRIGLIDAE,Trigla,lyra,GUN,TRG/Trg.lyr,,
Uranoscope a points blancs,URANOSCOPIDAE,Uranoscopus,polli,,URA/Ura.pol,,
Uranoscope indéterminé,URANOSCOPIDAE,spp,,URA,URA,,
Volute trompe de cochon,VOLUTIDAE,Cymbium,cymbium,YBC,,,
Espadon,XIPHIIDAE,Xiphias,gladius,SWO,XIP/Xip.gla,,
Saint Pierre indéterminé,ZEIDAE,spp,,ZEX,ZEI,,
Saint Pierre argenté,ZEIDAE,Zenopsis,conchifer,JOS,ZEI/Zen.con,,
Saint Pierre,ZEIDAE,Zeus,faber,JOD,ZEI/Zen.fab,,
Baleine,Balaenopteridae,spp,,,Baleine,,
Baleine a bosse ,Balaenopteridae,Megaptera  ,novaeangliae,HUW,Baleine/Meg.nov,,
Pastenague violette ,Dasyatidae,Pteroplatytrygon ,violacea,,RAI/Pte.vio,,
Natice indéterminé,GASTROPODA,Natica,spp,ESC,ESC,,
Anguilles spaghetti,Moringuidae ,Moringua ,edwardsi,AMM,MOR,,
Paromola,Homolidae ,Paromola,cuvieri,OLV,HOM/Par.cuv,,
Dauphin commun,DELPHINIDAE,Delphinus,delphis,DCO,DEL/Del.del,,
Dauphin commun a bec large,DELPHINIDAE,Delphinus,capensis,DCZ,DEL/Del.cap,,
Poisson melange ,_AUTRE,,Poisson generic,PPP,P,crevette,
Nouveau Poisson,_AUTRE,,Nouveau poisson,,POI,,
Boue,_AUTRE,,Boue,,XBOU,,
Bois,_AUTRE,,Bois,,XBOI,,
Cailloux,_AUTRE,,Cailloux,,XCAI,,
Déchets,_AUTRE,,Dechets,,XDEC,,
